EBGames,https://www.ebgames.co.nz/product/toys-and-collectibles/
Rebel Clash,262042-pokemon-tcg-sword-shield-rebel-clash-booster-pack
Sword & Shield,259714-pokemon-tcg-sword-shield-booster-pack
Cosmic Eclipse,256221-pokemon-tcg-cosmic-eclipse-booster
Unified Minds,253459-pokemon-tcg-unified-minds-booster-pack
,
Farmers,https://www.farmers.co.nz/
Sword & Shield,pokemon-sword-shield-trading-card-game-6522554
Cosmic Eclipse,pokemon-trading-card-game-cosmic-eclipse-blister-6493166
Unified Minds,pokemon-trading-card-game-unified-minds-blister-6460021
,
Kmart,https://www.kmart.co.nz/product/
Sword & Shield,pokemon-sword--shield-trading-card-game-booster-pack---assorted/2907848
Cosmic Eclipse,pokemon-sun--moon-cosmic-eclipse-trading-card-game---assorted/2789353
Unified Minds,pokemon-sun--moon-unified-minds-trading-card-game---assorted/2798847
Unbroken Bonds,pokemon-sun--moon-unbroken-bonds-trading-card-game---assorted/2607349
Assorted,pokemon-tcg-booster-pack---assorted/839817
,
Toy World,https://www.toyworld.co.nz/
Sword & Shield,pokemon-trading-card-game-sword-and-shield-booster-pack-assorted-styles
Cosmic Eclipse,pokemon-trading-card-game-sun-moon-cosmic-eclipse-booster-pack-assorted-styles
Unified Minds,pokemon-trading-card-game-sun-moon-unified-minds-booster-pack-assorted-styles
Unbroken Bonds,pokemon-trading-card-game-sun-moon-unbroken-bonds-booster-pack-assorted-styles
Lost Thunder,pokemon-trading-card-game-sun-moon-lost-thunder-booster-pack-assorted-styles
Celestial Storm,pokemon-trading-card-game-sun-moon-celestial-storm-booster-pack-assorted-styles
Crimson Invasion,pokemon-trading-card-game-sun-moon-crimson-invasion-booster-pack-asst
